5;1;0;3;3;5;5;3;3;3;3;2;3;3;0
5;1;0;3;3;5;0;3;3;3;3;2;0;0;3
5;1;1;3;3;0;0;0;0;3;5;2;3;3;3
5;5;1;0;3;3;0;0;3;3;5;2;3;3;3
5;5;1;4;1;1;0;0;3;3;5;2;0;3;3
0;3;3;0;5;1;1;1;3;5;5;2;0;0;3
3;3;5;5;5;0;0;1;1;5;5;2;0;0;0
3;3;3;5;3;3;0;3;1;1;5;2;0;0;0
3;3;3;0;3;3;0;3;3;1;0;2;0;0;0
0;3;3;3;3;2;2;2;2;4;2;2;0;0;0
3;3;3;3;3;2;0;3;0;1;0;0;0;0;0
0;3;3;5;3;2;0;3;3;1;1;1;0;0;0
0;3;5;5;0;2;0;3;3;0;5;1;1;0;0
0;0;3;5;5;2;0;0;0;0;5;5;1;1;0
0;0;0;0;5;2;0;0;0;0;0;5;5;1;0
;;;;;;;;;;;;;;
Code;Bezeichnung;Kosten;;;;;;;;;;;;
0;Ebene;5;;;;;;;;;;;;
1;Fluss;9; (begrenzt nutzbar);;;;;;;;;;;
2;Weg;3;;;;;;;;;;;;
3;Wald;7;;;;;;;;;;;;
4;Br√ºcke;4;;;;;;;;;;;;
5;Felswand;12;;;;;;;;;;;;
